Id,Date,Category,Title,Amount,Description
1,2/12/2025,food,Food,1200,Food pizza party
2,2/15/2024,transportation,Fuel,1000,Fuel 8 ltrs
3,1/1/2025,health,Doctor Visit,1500,Consultation with Dr. Sharma
4,1/2/2025,education,Books,2000,Purchased textbooks for semester
5,1/3/2025,entertainment,Movie Tickets,600,Watched movie at QFX Cinemas
6,1/4/2025,lifestyle,Clothing,2500,Bought winter jacket
7,1/5/2025,saving and investment,Fixed Deposit,5000,Deposited in savings account
8,1/6/2025,housing,Rent,12000,Monthly apartment rent
9,1/7/2025,transportation,Bus Fare,200,Bus ticket to Pokhara
10,1/8/2025,others,Charity,1000,Donation to local NGO
11,1/9/2025,food,Groceries,1800,Weekly grocery shopping
12,1/10/2025,health,Medicines,800,Prescription for flu
13,1/11/2025,education,Online Course,3000,Enrolled in Python course
14,1/12/2025,entertainment,Concert,1200,Attended live music event
15,1/13/2025,lifestyle,Gym Membership,2000,Monthly gym fee
16,1/14/2025,saving and investment,Stocks,4000,Invested in local company
17,1/15/2025,housing,Utilities,1500,Electricity and water bill
18,1/16/2025,transportation,Taxi,500,Taxi to airport
19,1/17/2025,others,Gift,700,Birthday gift for friend
20,1/18/2025,food,Restaurant,900,Dinner at Thakali Bhancha
21,1/19/2025,health,Dental Checkup,1000,Routine dental visit
22,1/20/2025,education,Stationery,400,Notebooks and pens
23,1/21/2025,entertainment,Streaming Subscription,300,Netflix monthly subscription
24,1/22/2025,lifestyle,Shoes,1800,Bought running shoes
25,1/23/2025,saving and investment,Mutual Fund,3000,Invested in mutual fund
26,1/24/2025,housing,Internet Bill,1200,Monthly internet subscription
27,1/25/2025,transportation,Fuel,1100,Fuel for motorbike
28,1/26/2025,others,Repair,600,Phone screen repair
29,1/27/2025,food,Coffee,250,Coffee at Himalayan Java
30,1/28/2025,health,Yoga Classes,1000,Monthly yoga membership
31,1/29/2025,education,Workshop,1500,Attended coding workshop
32,1/30/2025,entertainment,Amusement Park,800,Visit to fun park
33,1/31/2025,lifestyle,Salon,500,Haircut and styling
34,2/1/2025,saving and investment,Savings,2000,Added to emergency fund
35,2/2/2025,housing,Maintenance,700,Plumbing repair
36,2/3/2025,transportation,Public Transport,150,Microbus fare
37,2/4/2025,others,Stationery,300,Office supplies
38,2/5/2025,food,Snacks,200,Evening snacks
39,2/6/2025,health,Health Insurance,2500,Annual premium payment
40,2/7/2025,education,Tutoring,1200,Math tutoring session
41,2/8/2025,entertainment,Game Night,400,Board games purchase
42,2/9/2025,lifestyle,Watch,1500,Bought new wristwatch
43,2/10/2025,saving and investment,Bonds,3500,Government bond investment
44,2/11/2025,housing,Furniture,3000,New chair for home
45,2/12/2025,transportation,Car Maintenance,2000,Oil change and servicing
46,2/13/2025,others,Pet Supplies,600,Food for pet dog
47,2/14/2025,food,Lunch,500,Lunch at local eatery
48,2/15/2025,health,Checkup,900,General health checkup
49,2/16/2025,education,Library Fee,200,Library membership renewal
50,2/17/2025,entertainment,Theater,700,Local theater play
51,2/18/2025,lifestyle,Perfume,1000,Bought new fragrance
52,2/19/2025,saving and investment,Retirement Fund,4000,Added to pension plan
53,2/20/2025,housing,Cleaning Supplies,300,Household cleaning items
54,2/21/2025,transportation,Bicycle Repair,400,Fixed bicycle tire
55,2/22/2025,others,Donation,500,Charity for earthquake relief
56,2/23/2025,food,Dinner,1200,Family dinner at restaurant
57,2/24/2025,health,Physiotherapy,1500,Session for back pain
58,2/25/2025,education,Exam Fee,800,University exam fee
59,2/26/2025,entertainment,Festival,600,Ticket to local festival
60,2/27/2025,lifestyle,Bag,900,Bought new backpack
61,2/28/2025,saving and investment,Fixed Deposit,3000,Added to savings
62,3/1/2025,housing,Electricity Bill,1000,Monthly electricity bill
63,3/2/2025,transportation,Fuel,1200,Fuel for car
64,3/3/2025,others,Postage,100,Mailing documents
65,3/4/2025,food,Groceries,2000,Monthly grocery shopping
66,3/5/2025,health,Vitamins,500,Multivitamin supplements
67,3/6/2025,education,Online Subscription,600,Coursera subscription
68,3/7/2025,entertainment,Concert,1000,Live band performance
69,3/8/2025,lifestyle,Shoes,1500,Bought formal shoes
70,3/9/2025,saving and investment,Stocks,2500,Invested in tech company
71,3/10/2025,housing,Water Bill,400,Monthly water bill
72,3/11/2025,transportation,Bus Pass,300,Monthly bus pass
73,3/12/2025,others,Gift,800,Wedding gift
74,3/13/2025,food,Restaurant,1100,Dinner with friends
75,3/14/2025,health,Dental Cleaning,700,Teeth cleaning session
76,3/15/2025,education,Books,900,Reference books
77,3/16/2025,entertainment,Museum,400,Visit to national museum
78,3/17/2025,lifestyle,Clothing,2000,Bought traditional dress
79,3/18/2025,saving and investment,Savings,3000,Added to savings account
80,3/19/2025,housing,Repair,600,Fixed leaking pipe
81,3/20/2025,transportation,Taxi,500,Taxi to office
82,3/21/2025,others,Stationery,200,Pens and notebooks
83,3/22/2025,food,Coffee,250,Coffee at Cafe Soma
84,3/23/2025,health,Checkup,1000,Routine health checkup
85,3/24/2025,education,Workshop,1200,Attended AI workshop
86,3/25/2025,entertainment,Movie,500,Movie at Cineplex
87,3/26/2025,lifestyle,Gym Gear,800,Bought gym accessories
88,3/27/2025,saving and investment,Mutual Fund,2000,Invested in mutual fund
89,3/28/2025,housing,Internet,1200,Monthly internet bill
90,3/29/2025,transportation,Fuel,1000,Fuel for scooter
91,3/30/2025,others,Charity,700,Donation to orphanage
92,3/31/2025,food,Groceries,1500,Weekly grocery shopping
93,4/1/2025,health,Medicines,600,Allergy medication
94,4/2/2025,education,Online Course,2500,Enrolled in data science course
95,4/3/2025,entertainment,Concert,900,Local band concert
96,4/4/2025,lifestyle,Watch,1200,Bought smartwatch
97,4/5/2025,saving and investment,Fixed Deposit,4000,Deposited in savings
98,4/6/2025,housing,Rent,12000,Monthly apartment rent
99,4/7/2025,transportation,Bus Fare,200,Bus to Bhaktapur
100,4/8/2025,others,Gift,500,Gift for family
101,4/9/2025,food,Restaurant,800,Lunch at local cafe
102,4/10/2025,health,Yoga Classes,1000,Monthly yoga fee
103,4/11/2025,education,Books,1500,Academic books
104,4/12/2025,entertainment,Theater,600,Local play tickets
105,4/13/2025,lifestyle,Clothing,2000,Bought summer clothes
106,4/14/2025,saving and investment,Stocks,3000,Invested in bank stocks
107,4/15/2025,housing,Utilities,1200,Electricity and water bill
108,4/16/2025,transportation,Taxi,400,Taxi to meeting
109,4/17/2025,others,Repair,700,Laptop repair
110,4/18/2025,food,Groceries,1800,Monthly grocery shopping
111,4/19/2025,health,Checkup,900,General health checkup
112,4/20/2025,education,Stationery,300,Notebooks and pens
113,4/21/2025,entertainment,Streaming,300,Disney+ subscription
114,4/22/2025,lifestyle,Shoes,1500,Bought casual shoes
115,4/23/2025,saving and investment,Savings,2500,Added to emergency fund
116,4/24/2025,housing,Cleaning Supplies,400,Household cleaning items
117,4/25/2025,transportation,Bicycle,2000,New bicycle purchase
118,4/26/2025,others,Donation,600,Charity for school
119,4/27/2025,food,Dinner,1000,Dinner at restaurant
120,4/28/2025,health,Physiotherapy,1200,Session for knee pain
121,4/29/2025,education,Exam Fee,700,College exam fee
122,4/30/2025,entertainment,Festival,500,Local festival ticket
123,5/1/2025,lifestyle,Bag,900,Bought travel bag
124,5/2/2025,saving and investment,Mutual Fund,3000,Invested in mutual fund
125,5/3/2025,housing,Internet Bill,1200,Monthly internet subscription
126,5/4/2025,transportation,Fuel,1100,Fuel for motorbike
127,5/5/2025,others,Gift,400,Birthday gift
128,5/6/2025,food,Coffee,250,Coffee at local cafe
129,5/7/2025,health,Health Insurance,2000,Annual premium
130,5/8/2025,education,Tutoring,1000,Science tutoring
131,5/9/2025,entertainment,Game Night,500,Board game night
132,5/10/2025,lifestyle,Watch,1200,Bought new watch
133,5/11/2025,saving and investment,Bonds,3500,Government bonds
134,5/12/2025,housing,Furniture,2500,New sofa
135,5/13/2025,transportation,Car Maintenance,1800,Car servicing
136,5/14/2025,others,Pet Supplies,500,Pet food
137,5/15/2025,food,Lunch,600,Lunch at cafe
138,5/16/2025,health,Dental Checkup,800,Dental cleaning
139,5/17/2025,education,Books,1000,Reference books
140,5/18/2025,entertainment,Museum,400,Museum visit
141,5/19/2025,lifestyle,Clothing,1500,Bought new shirt
142,5/20/2025,saving and investment,Savings,2000,Added to savings
143,5/21/2025,housing,Repair,600,Fixed window
144,5/22/2025,transportation,Taxi,500,Taxi to station
145,5/23/2025,others,Stationery,200,Office supplies
146,5/24/2025,food,Groceries,1600,Weekly grocery shopping
147,5/25/2025,health,Medicines,700,Prescription medicine
148,5/26/2025,education,Online Course,2000,Enrolled in coding course
149,5/27/2025,entertainment,Concert,900,Live music event
150,5/28/2025,lifestyle,Shoes,1200,Bought sneakers
151,5/29/2025,saving and investment,Fixed Deposit,3000,Deposited in savings
152,5/30/2025,housing,Electricity Bill,1000,Monthly electricity bill
153,5/31/2025,transportation,Fuel,1100,Fuel for car
154,6/1/2025,others,Charity,600,Donation to NGO
155,6/2/2025,food,Restaurant,800,Dinner at local restaurant
156,6/3/2025,health,Yoga Classes,1000,Monthly yoga membership
157,6/4/2025,education,Books,1200,Academic books
158,6/5/2025,entertainment,Theater,700,Theater tickets
159,6/6/2025,lifestyle,Clothing,1800,Bought winter clothes
160,6/7/2025,saving and investment,Stocks,2500,Invested in stocks
161,6/8/2025,housing,Utilities,1200,Water and electricity bill
162,6/9/2025,transportation,Bus Fare,200,Bus to Kathmandu
163,6/10/2025,others,Gift,500,Gift for friend
164,6/11/2025,food,Coffee,250,Coffee at Cafe Soma
165,6/12/2025,health,Checkup,900,General checkup
166,6/13/2025,education,Stationery,300,Notebooks and pens
167,6/14/2025,entertainment,Streaming,300,Netflix subscription
168,6/15/2025,lifestyle,Bag,900,Bought new backpack
169,6/16/2025,saving and investment,Savings,2000,Added to emergency fund
170,6/17/2025,housing,Cleaning Supplies,400,Household cleaning items
171,6/18/2025,transportation,Taxi,400,Taxi to airport
172,6/19/2025,others,Repair,600,Phone repair
173,6/20/2025,food,Groceries,1500,Weekly grocery shopping
174,6/21/2025,health,Medicines,600,Allergy medication
175,6/22/2025,education,Online Course,2500,Data science course
176,6/23/2025,entertainment,Concert,900,Local band concert
177,6/24/2025,lifestyle,Watch,1200,Bought smartwatch
178,6/25/2025,saving and investment,Fixed Deposit,4000,Deposited in savings
179,6/26/2025,housing,Rent,12000,Monthly apartment rent
180,6/27/2025,transportation,Bus Fare,200,Bus to Bhaktapur
181,6/28/2025,others,Gift,500,Gift for family
182,6/29/2025,food,Restaurant,800,Lunch at local cafe
183,6/30/2025,health,Yoga Classes,1000,Monthly yoga fee
184,7/1/2025,education,Books,1500,Academic books
185,7/2/2025,entertainment,Theater,600,Local play tickets
186,7/3/2025,lifestyle,Clothing,2000,Bought summer clothes
187,7/4/2025,saving and investment,Stocks,3000,Invested in bank stocks
188,7/5/2025,housing,Utilities,1200,Electricity and water bill
189,7/6/2025,transportation,Taxi,400,Taxi to meeting
190,7/7/2025,others,Repair,700,Laptop repair
191,7/8/2025,food,Groceries,1800,Monthly grocery shopping
192,7/9/2025,health,Checkup,900,General health checkup
193,7/10/2025,education,Stationery,300,Notebooks and pens
194,7/11/2025,entertainment,Streaming,300,Disney+ subscription
195,7/12/2025,lifestyle,Shoes,1500,Bought casual shoes
196,7/13/2025,saving and investment,Savings,2500,Added to emergency fund
197,7/14/2025,housing,Cleaning Supplies,400,Household cleaning items
198,7/15/2025,transportation,Bicycle,2000,New bicycle purchase
199,7/16/2025,others,Donation,600,Charity for school
200,7/17/2025,food,Dinner,1000,Dinner at restaurant
201,7/18/2025,health,Physiotherapy,1200,Session for knee pain
202,7/19/2025,education,Exam Fee,700,College exam fee
203,7/20/2025,entertainment,Festival,500,Local festival ticket
204,7/21/2025,lifestyle,Bag,900,Bought travel bag
205,7/22/2025,saving and investment,Mutual Fund,3000,Invested in mutual fund
206,7/23/2025,housing,Internet Bill,1200,Monthly internet subscription
207,7/24/2025,transportation,Fuel,1100,Fuel for motorbike
208,7/25/2025,others,Gift,400,Birthday gift
209,7/26/2025,food,Coffee,250,Coffee at local cafe
210,7/27/2025,health,Health Insurance,2000,Annual premium
211,7/28/2025,education,Tutoring,1000,Science tutoring
212,7/29/2025,entertainment,Game Night,500,Board game night
213,7/30/2025,lifestyle,Watch,1200,Bought new watch
214,7/31/2025,saving and investment,Bonds,3500,Government bonds
215,8/1/2025,housing,Furniture,2500,New sofa
216,8/2/2025,transportation,Car Maintenance,1800,Car servicing
217,8/3/2025,others,Pet Supplies,500,Pet food
218,8/4/2025,food,Lunch,600,Lunch at cafe
219,8/5/2025,health,Dental Checkup,800,Dental cleaning
220,8/6/2025,education,Books,1000,Reference books
221,8/7/2025,entertainment,Museum,400,Museum visit
222,8/8/2025,lifestyle,Clothing,1500,Bought new shirt
223,8/9/2025,saving and investment,Savings,2000,Added to savings
224,8/10/2025,housing,Repair,600,Fixed window
225,8/11/2025,transportation,Taxi,500,Taxi to station
226,8/12/2025,others,Stationery,200,Office supplies
227,8/13/2025,food,Groceries,1600,Weekly grocery shopping
228,8/14/2025,health,Medicines,700,Prescription medicine
229,8/15/2025,education,Online Course,2000,Enrolled in coding course
230,8/16/2025,entertainment,Concert,900,Live music event
231,8/17/2025,lifestyle,Shoes,1200,Bought sneakers
232,8/18/2025,saving and investment,Fixed Deposit,3000,Deposited in savings
233,8/19/2025,housing,Electricity Bill,1000,Monthly electricity bill
234,8/20/2025,transportation,Fuel,1100,Fuel for car
235,8/21/2025,others,Charity,600,Donation to NGO
236,8/22/2025,food,Restaurant,800,Dinner at local restaurant
237,8/23/2025,health,Yoga Classes,1000,Monthly yoga membership
238,8/24/2025,education,Books,1200,Academic books
239,8/25/2025,entertainment,Theater,700,Theater tickets
240,8/26/2025,lifestyle,Clothing,1800,Bought winter clothes
241,8/27/2025,saving and investment,Stocks,2500,Invested in stocks
242,8/28/2025,housing,Utilities,1200,Water and electricity bill
243,8/29/2025,transportation,Bus Fare,200,Bus to Kathmandu
244,8/30/2025,others,Gift,500,Gift for friend
245,8/31/2025,food,Coffee,250,Coffee at Cafe Soma
246,9/1/2025,health,Checkup,900,General checkup
247,9/2/2025,education,Stationery,300,Notebooks and pens
248,9/3/2025,entertainment,Streaming,300,Netflix subscription
249,9/4/2025,lifestyle,Bag,900,Bought new backpack
250,9/5/2025,saving and investment,Savings,2000,Added to emergency fund
251,9/6/2025,housing,Cleaning Supplies,400,Household cleaning items
252,9/7/2025,transportation,Taxi,400,Taxi to airport
253,9/8/2025,others,Repair,600,Phone repair
254,9/9/2025,food,Groceries,1500,Weekly grocery shopping
255,9/10/2025,health,Medicines,600,Allergy medication
256,9/11/2025,education,Online Course,2500,Data science course
257,9/12/2025,entertainment,Concert,900,Local band concert
258,9/13/2025,lifestyle,Watch,1200,Bought smartwatch
259,9/14/2025,saving and investment,Fixed Deposit,4000,Deposited in savings
260,9/15/2025,housing,Rent,12000,Monthly apartment rent
261,9/16/2025,transportation,Bus Fare,200,Bus to Bhaktapur
262,9/17/2025,others,Gift,500,Gift for family
263,9/18/2025,food,Restaurant,800,Lunch at local cafe
264,9/19/2025,health,Yoga Classes,1000,Monthly yoga fee
265,9/20/2025,education,Books,1500,Academic books
266,9/21/2025,entertainment,Theater,600,Local play tickets
267,9/22/2025,lifestyle,Clothing,2000,Bought summer clothes
268,9/23/2025,saving and investment,Stocks,3000,Invested in bank stocks
269,9/24/2025,housing,Utilities,1200,Electricity and water bill
270,9/25/2025,transportation,Taxi,400,Taxi to meeting
271,9/26/2025,others,Repair,700,Laptop repair
272,9/27/2025,food,Groceries,1800,Monthly grocery shopping
273,9/28/2025,health,Checkup,900,General health checkup
274,9/29/2025,education,Stationery,300,Notebooks and pens
275,9/30/2025,entertainment,Streaming,300,Disney+ subscription
276,10/1/2025,lifestyle,Shoes,1500,Bought casual shoes
277,10/2/2025,saving and investment,Savings,2500,Added to emergency fund
278,10/3/2025,housing,Cleaning Supplies,400,Household cleaning items
279,10/4/2025,transportation,Bicycle,2000,New bicycle purchase
280,10/5/2025,others,Donation,600,Charity for school
281,10/6/2025,food,Dinner,1000,Dinner at restaurant
282,10/7/2025,health,Physiotherapy,1200,Session for knee pain
283,10/8/2025,education,Exam Fee,700,College exam fee
284,10/9/2025,entertainment,Festival,500,Local festival ticket
285,10/10/2025,lifestyle,Bag,900,Bought travel bag
286,10/11/2025,saving and investment,Mutual Fund,3000,Invested in mutual fund
287,10/12/2025,housing,Internet Bill,1200,Monthly internet subscription
288,10/13/2025,transportation,Fuel,1100,Fuel for motorbike
289,10/14/2025,others,Gift,400,Birthday gift
290,10/15/2025,food,Coffee,250,Coffee at local cafe
291,10/16/2025,health,Health Insurance,2000,Annual premium
292,10/17/2025,education,Tutoring,1000,Science tutoring
293,10/18/2025,entertainment,Game Night,500,Board game night
294,10/19/2025,lifestyle,Watch,1200,Bought new watch
295,10/20/2025,saving and investment,Bonds,3500,Government bonds
296,10/21/2025,housing,Furniture,2500,New sofa
297,10/22/2025,transportation,Car Maintenance,1800,Car servicing
298,10/23/2025,others,Pet Supplies,500,Pet food
299,10/24/2025,food,Lunch,600,Lunch at cafe
300,10/25/2025,health,Dental Checkup,800,Dental cleaning
301,10/26/2025,education,Books,1000,Reference books
302,10/27/2025,entertainment,Museum,400,Museum visit
303,10/28/2025,lifestyle,Clothing,1500,Bought new shirt
304,10/29/2025,saving and investment,Savings,2000,Added to savings
305,10/30/2025,housing,Repair,600,Fixed window
306,10/31/2025,transportation,Taxi,500,Taxi to station
307,11/1/2025,others,Stationery,200,Office supplies
308,11/2/2025,food,Groceries,1600,Weekly grocery shopping
309,11/3/2025,health,Medicines,700,Prescription medicine
310,11/4/2025,education,Online Course,2000,Enrolled in coding course
311,11/5/2025,entertainment,Concert,900,Live music event
312,11/6/2025,lifestyle,Shoes,1200,Bought sneakers
313,11/7/2025,saving and investment,Fixed Deposit,3000,Deposited in savings
314,11/8/2025,housing,Electricity Bill,1000,Monthly electricity bill
315,11/9/2025,transportation,Fuel,1100,Fuel for car
316,11/10/2025,others,Charity,600,Donation to NGO
317,11/11/2025,food,Restaurant,800,Dinner at local restaurant
318,11/12/2025,health,Yoga Classes,1000,Monthly yoga membership
319,11/13/2025,education,Books,1200,Academic books
320,11/14/2025,entertainment,Theater,700,Theater tickets
321,11/15/2025,lifestyle,Clothing,1800,Bought winter clothes
322,11/16/2025,saving and investment,Stocks,2500,Invested in stocks
323,11/17/2025,housing,Utilities,1200,Water and electricity bill
324,11/18/2025,transportation,Bus Fare,200,Bus to Kathmandu
325,11/19/2025,others,Gift,500,Gift for friend
326,11/20/2025,food,Coffee,250,Coffee at Cafe Soma
327,11/21/2025,health,Checkup,900,General checkup
328,11/22/2025,education,Stationery,300,Notebooks and pens
329,11/23/2025,entertainment,Streaming,300,Netflix subscription
330,11/24/2025,lifestyle,Bag,900,Bought new backpack
331,11/25/2025,saving and investment,Savings,2000,Added to emergency fund
332,11/26/2025,housing,Cleaning Supplies,400,Household cleaning items
333,11/27/2025,transportation,Taxi,400,Taxi to airport
334,11/28/2025,others,Repair,600,Phone repair
335,11/29/2025,food,Groceries,1500,Weekly grocery shopping
336,11/30/2025,health,Medicines,600,Allergy medication
337,12/1/2025,education,Online Course,2500,Data science course
338,12/2/2025,entertainment,Concert,900,Local band concert
339,12/3/2025,lifestyle,Watch,1200,Bought smartwatch
340,12/4/2025,saving and investment,Fixed Deposit,4000,Deposited in savings
341,12/5/2025,housing,Rent,12000,Monthly apartment rent
342,12/6/2025,transportation,Bus Fare,200,Bus to Bhaktapur
343,12/7/2025,others,Gift,500,Gift for family
344,12/8/2025,food,Restaurant,800,Lunch at local cafe
345,12/9/2025,health,Yoga Classes,1000,Monthly yoga fee
346,12/10/2025,education,Books,1500,Academic books
347,12/11/2025,entertainment,Theater,600,Local play tickets
348,12/12/2025,lifestyle,Clothing,2000,Bought summer clothes
349,12/13/2025,saving and investment,Stocks,3000,Invested in bank stocks
350,12/14/2025,housing,Utilities,1200,Electricity and water bill
351,12/15/2025,transportation,Taxi,400,Taxi to meeting
352,12/16/2025,others,Repair,700,Laptop repair
353,12/17/2025,food,Groceries,1800,Monthly grocery shopping
354,12/18/2025,health,Checkup,900,General health checkup
355,12/19/2025,education,Stationery,300,Notebooks and pens
356,12/20/2025,entertainment,Streaming,300,Disney+ subscription
357,12/21/2025,lifestyle,Shoes,1500,Bought casual shoes
358,12/22/2025,saving and investment,Savings,2500,Added to emergency fund
359,12/23/2025,housing,Cleaning Supplies,400,Household cleaning items
360,12/24/2025,transportation,Bicycle,2000,New bicycle purchase
361,12/25/2025,others,Donation,600,Charity for school
362,12/26/2025,food,Dinner,1000,Dinner at restaurant
363,12/27/2025,health,Physiotherapy,1200,Session for knee pain
364,12/28/2025,education,Exam Fee,700,College exam fee
365,12/29/2025,entertainment,Festival,500,Local festival ticket
366,12/30/2025,lifestyle,Bag,900,Bought travel bag
367,12/31/2025,saving and investment,Mutual Fund,3000,Invested in mutual fund
368,1/1/2026,housing,Internet Bill,1200,Monthly internet subscription
369,1/2/2026,transportation,Fuel,1100,Fuel for motorbike
370,1/3/2026,others,Gift,400,Birthday gift
371,1/4/2026,food,Coffee,250,Coffee at local cafe
372,1/5/2026,health,Health Insurance,2000,Annual premium
373,1/6/2026,education,Tutoring,1000,Science tutoring
374,1/7/2026,entertainment,Game Night,500,Board game night
375,1/8/2026,lifestyle,Watch,1200,Bought new watch
376,1/9/2026,saving and investment,Bonds,3500,Government bonds
377,1/10/2026,housing,Furniture,2500,New sofa
378,1/11/2026,transportation,Car Maintenance,1800,Car servicing
379,1/12/2026,others,Pet Supplies,500,Pet food
380,1/13/2026,food,Lunch,600,Lunch at cafe
381,1/14/2026,health,Dental Checkup,800,Dental cleaning
382,1/15/2026,education,Books,1000,Reference books
383,1/16/2026,entertainment,Museum,400,Museum visit
384,1/17/2026,lifestyle,Clothing,1500,Bought new shirt
385,1/18/2026,saving and investment,Savings,2000,Added to savings
386,1/19/2026,housing,Repair,600,Fixed window
387,1/20/2026,transportation,Taxi,500,Taxi to station
388,1/21/2026,others,Stationery,200,Office supplies
389,1/22/2026,food,Groceries,1600,Weekly grocery shopping
390,1/23/2026,health,Medicines,700,Prescription medicine
391,1/24/2026,education,Online Course,2000,Enrolled in coding course
392,1/25/2026,entertainment,Concert,900,Live music event
393,1/26/2026,lifestyle,Shoes,1200,Bought sneakers
394,1/27/2026,saving and investment,Fixed Deposit,3000,Deposited in savings
395,1/28/2026,housing,Electricity Bill,1000,Monthly electricity bill
396,1/29/2026,transportation,Fuel,1100,Fuel for car
397,1/30/2026,others,Charity,600,Donation to NGO
398,1/31/2026,food,Restaurant,800,Dinner at local restaurant
399,2/1/2026,health,Yoga Classes,1000,Monthly yoga membership
400,2/2/2026,education,Books,1200,Academic books
401,2/3/2026,entertainment,Theater,700,Theater tickets
402,2/4/2026,lifestyle,Clothing,1800,Bought winter clothes
403,2/5/2026,saving and investment,Stocks,2500,Invested in stocks
404,2/6/2026,housing,Utilities,1200,Water and electricity bill
405,2/7/2026,transportation,Bus Fare,200,Bus to Kathmandu
406,2/8/2026,others,Gift,500,Gift for friend
407,2/9/2026,food,Coffee,250,Coffee at Cafe Soma
408,2/10/2026,health,Checkup,900,General checkup
409,2/11/2026,education,Stationery,300,Notebooks and pens
410,2/12/2026,entertainment,Streaming,300,Netflix subscription
411,2/13/2026,lifestyle,Bag,900,Bought new backpack
412,2/14/2026,saving and investment,Savings,2000,Added to emergency fund
413,2/15/2026,housing,Cleaning Supplies,400,Household cleaning items
414,2/16/2026,transportation,Taxi,400,Taxi to airport
415,2/17/2026,others,Repair,600,Phone repair
416,2/18/2026,food,Groceries,1500,Weekly grocery shopping
417,2/19/2026,health,Medicines,600,Allergy medication
418,2/20/2026,education,Online Course,2500,Data science course
419,2/21/2026,entertainment,Concert,900,Local band concert
420,2/22/2026,lifestyle,Watch,1200,Bought smartwatch
421,2/23/2026,saving and investment,Fixed Deposit,4000,Deposited in savings
422,2/24/2026,housing,Rent,12000,Monthly apartment rent
423,2/25/2026,transportation,Bus Fare,200,Bus to Bhaktapur
424,2/26/2026,others,Gift,500,Gift for family
425,2/27/2026,food,Restaurant,800,Lunch at local cafe
426,2/28/2026,health,Yoga Classes,1000,Monthly yoga fee
427,3/1/2026,education,Books,1500,Academic books
428,3/2/2026,entertainment,Theater,600,Local play tickets
429,3/3/2026,lifestyle,Clothing,2000,Bought summer clothes
430,3/4/2026,saving and investment,Stocks,3000,Invested in bank stocks
431,3/5/2026,housing,Utilities,1200,Electricity and water bill
432,3/6/2026,transportation,Taxi,400,Taxi to meeting
433,3/7/2026,others,Repair,700,Laptop repair
434,3/8/2026,food,Groceries,1800,Monthly grocery shopping
435,3/9/2026,health,Checkup,900,General health checkup
436,3/10/2026,education,Stationery,300,Notebooks and pens
437,3/11/2026,entertainment,Streaming,300,Disney+ subscription
438,3/12/2026,lifestyle,Shoes,1500,Bought casual shoes
439,3/13/2026,saving and investment,Savings,2500,Added to emergency fund
440,3/14/2026,housing,Cleaning Supplies,400,Household cleaning items
441,3/15/2026,transportation,Bicycle,2000,New bicycle purchase
442,3/16/2026,others,Donation,600,Charity for school
443,3/17/2026,food,Dinner,1000,Dinner at restaurant
444,3/18/2026,health,Physiotherapy,1200,Session for knee pain
445,3/19/2026,education,Exam Fee,700,College exam fee
446,3/20/2026,entertainment,Festival,500,Local festival ticket
447,3/21/2026,lifestyle,Bag,900,Bought travel bag
448,3/22/2026,saving and investment,Mutual Fund,3000,Invested in mutual fund
449,3/23/2026,housing,Internet Bill,1200,Monthly internet subscription
450,3/24/2026,transportation,Fuel,1100,Fuel for motorbike
451,3/25/2026,others,Gift,400,Birthday gift
452,3/26/2026,food,Coffee,250,Coffee at local cafe
453,3/27/2026,health,Health Insurance,2000,Annual premium
454,3/28/2026,education,Tutoring,1000,Science tutoring
455,3/29/2026,entertainment,Game Night,500,Board game night
456,3/30/2026,lifestyle,Watch,1200,Bought new watch
457,3/31/2026,saving and investment,Bonds,3500,Government bonds
458,4/1/2026,housing,Furniture,2500,New sofa
459,4/2/2026,transportation,Car Maintenance,1800,Car servicing
460,4/3/2026,others,Pet Supplies,500,Pet food
461,4/4/2026,food,Lunch,600,Lunch at cafe
462,4/5/2026,health,Dental Checkup,800,Dental cleaning
463,4/6/2026,education,Books,1000,Reference books
464,4/7/2026,entertainment,Museum,400,Museum visit
465,4/8/2026,lifestyle,Clothing,1500,Bought new shirt
466,4/9/2026,saving and investment,Savings,2000,Added to savings
467,4/10/2026,housing,Repair,600,Fixed window
468,4/11/2026,transportation,Taxi,500,Taxi to station
469,4/12/2026,others,Stationery,200,Office supplies
470,4/13/2026,food,Groceries,1600,Weekly grocery shopping
471,4/14/2026,health,Medicines,700,Prescription medicine
472,4/15/2026,education,Online Course,2000,Enrolled in coding course
473,4/16/2026,entertainment,Concert,900,Live music event
474,4/17/2026,lifestyle,Shoes,1200,Bought sneakers
475,4/18/2026,saving and investment,Fixed Deposit,3000,Deposited in savings
476,4/19/2026,housing,Electricity Bill,1000,Monthly electricity bill
477,4/20/2026,transportation,Fuel,1100,Fuel for car
478,4/21/2026,others,Charity,600,Donation to NGO
479,4/22/2026,food,Restaurant,800,Dinner at local restaurant
480,4/23/2026,health,Yoga Classes,1000,Monthly yoga membership
481,4/24/2026,education,Books,1200,Academic books
482,4/25/2026,entertainment,Theater,700,Theater tickets
483,4/26/2026,lifestyle,Clothing,1800,Bought winter clothes
484,4/27/2026,saving and investment,Stocks,2500,Invested in stocks
485,4/28/2026,housing,Utilities,1200,Water and electricity bill
486,4/29/2026,transportation,Bus Fare,200,Bus to Kathmandu
487,4/30/2026,others,Gift,500,Gift for friend
488,5/1/2026,food,Coffee,250,Coffee at Cafe Soma
489,5/2/2026,health,Checkup,900,General checkup
490,5/3/2026,education,Stationery,300,Notebooks and pens
491,5/4/2026,entertainment,Streaming,300,Netflix subscription
492,5/5/2026,lifestyle,Bag,900,Bought new backpack
493,5/6/2026,saving and investment,Savings,2000,Added to emergency fund
494,5/7/2026,housing,Cleaning Supplies,400,Household cleaning items
495,5/8/2026,transportation,Taxi,400,Taxi to airport
496,5/9/2026,others,Repair,600,Phone repair
497,5/10/2026,food,Groceries,1500,Weekly grocery shopping
498,5/11/2026,health,Medicines,600,Allergy medication
499,5/12/2026,education,Online Course,2500,Data science course
500,5/13/2026,entertainment,Concert,900,Local band concert
501,5/14/2026,lifestyle,Watch,1200,Bought smartwatch
502,5/15/2026,saving and investment,Fixed Deposit,4000,Deposited in savings
503,5/16/2026,housing,Rent,12000,Monthly apartment rent
504,5/17/2026,transportation,Bus Fare,200,Bus to Bhaktapur
505,5/18/2026,others,Gift,500,Gift for family
506,5/19/2026,food,Restaurant,800,Lunch at local cafe
507,5/20/2026,health,Yoga Classes,1000,Monthly yoga fee
508,5/21/2026,education,Books,1500,Academic books
509,5/22/2026,entertainment,Theater,600,Local play tickets
510,5/23/2026,lifestyle,Clothing,2000,Bought summer clothes
511,5/24/2026,saving and investment,Stocks,3000,Invested in bank stocks
512,5/25/2026,housing,Utilities,1200,Electricity and water bill
513,5/26/2026,transportation,Taxi,400,Taxi to meeting
514,5/27/2026,others,Repair,700,Laptop repair
515,5/28/2026,food,Groceries,1800,Monthly grocery shopping
516,5/29/2026,health,Checkup,900,General health checkup
517,5/30/2026,education,Stationery,300,Notebooks and pens
518,5/31/2026,entertainment,Streaming,300,Disney+ subscription
519,6/1/2026,lifestyle,Shoes,1500,Bought casual shoes
520,6/2/2026,saving and investment,Savings,2500,Added to emergency fund
521,6/3/2026,housing,Cleaning Supplies,400,Household cleaning items
522,6/4/2026,transportation,Bicycle,2000,New bicycle purchase
523,6/5/2026,others,Donation,600,Charity for school
524,6/6/2026,food,Dinner,1000,Dinner at restaurant
525,6/7/2026,health,Physiotherapy,1200,Session for knee pain
526,6/8/2026,education,Exam Fee,700,College exam fee
527,6/9/2026,entertainment,Festival,500,Local festival ticket
528,6/10/2026,lifestyle,Bag,900,Bought travel bag
529,6/11/2026,saving and investment,Mutual Fund,3000,Invested in mutual fund
530,6/12/2026,housing,Internet Bill,1200,Monthly internet subscription
531,6/13/2026,transportation,Fuel,1100,Fuel for motorbike
532,6/14/2026,others,Gift,400,Birthday gift
533,6/15/2026,food,Coffee,250,Coffee at local cafe
534,6/16/2026,health,Health Insurance,2000,Annual premium
535,6/17/2026,education,Tutoring,1000,Science tutoring
536,6/18/2026,entertainment,Game Night,500,Board game night
537,6/19/2026,lifestyle,Watch,1200,Bought new watch
538,6/20/2026,saving and investment,Bonds,3500,Government bonds
539,6/21/2026,housing,Furniture,2500,New sofa
540,6/22/2026,transportation,Car Maintenance,1800,Car servicing
541,6/23/2026,others,Pet Supplies,500,Pet food
542,6/24/2026,food,Lunch,600,Lunch at cafe
543,6/25/2026,health,Dental Checkup,800,Dental cleaning
544,6/26/2026,education,Books,1000,Reference books
545,6/27/2026,entertainment,Museum,400,Museum visit
546,6/28/2026,lifestyle,Clothing,1500,Bought new shirt
547,6/29/2026,saving and investment,Savings,2000,Added to savings
548,6/30/2026,housing,Repair,600,Fixed window
549,7/1/2026,transportation,Taxi,500,Taxi to station
550,7/2/2026,others,Stationery,200,Office supplies
551,7/3/2026,food,Groceries,1600,Weekly grocery shopping
552,7/4/2026,health,Medicines,700,Prescription medicine
553,7/5/2026,education,Online Course,2000,Enrolled in coding course
554,7/6/2026,entertainment,Concert,900,Live music event
555,7/7/2026,lifestyle,Shoes,1200,Bought sneakers
556,7/8/2026,saving and investment,Fixed Deposit,3000,Deposited in savings
557,7/9/2026,housing,Electricity Bill,1000,Monthly electricity bill
558,7/10/2026,transportation,Fuel,1100,Fuel for car
559,7/11/2026,others,Charity,600,Donation to NGO
560,7/12/2026,food,Restaurant,800,Dinner at local restaurant
561,7/13/2026,health,Yoga Classes,1000,Monthly yoga membership
562,7/14/2026,education,Books,1200,Academic books
563,7/15/2026,entertainment,Theater,700,Theater tickets
564,7/16/2026,lifestyle,Clothing,1800,Bought winter clothes
565,7/17/2026,saving and investment,Stocks,2500,Invested in stocks
566,7/18/2026,housing,Utilities,1200,Water and electricity bill
567,7/19/2026,transportation,Bus Fare,200,Bus to Kathmandu
568,7/20/2026,others,Gift,500,Gift for friend
569,7/21/2026,food,Coffee,250,Coffee at Cafe Soma
570,7/22/2026,health,Checkup,900,General checkup
571,7/23/2026,education,Stationery,300,Notebooks and pens
572,7/24/2026,entertainment,Streaming,300,Netflix subscription
573,7/25/2026,lifestyle,Bag,900,Bought new backpack
574,7/26/2026,saving and investment,Savings,2000,Added to emergency fund
575,7/27/2026,housing,Cleaning Supplies,400,Household cleaning items
576,7/28/2026,transportation,Taxi,400,Taxi to airport
577,7/29/2026,others,Repair,600,Phone repair
578,7/30/2026,food,Groceries,1500,Weekly grocery shopping
579,7/31/2026,health,Medicines,600,Allergy medication
580,8/1/2026,education,Online Course,2500,Data science course
581,8/2/2026,entertainment,Concert,900,Local band concert
582,8/3/2026,lifestyle,Watch,1200,Bought smartwatch
583,8/4/2026,saving and investment,Fixed Deposit,4000,Deposited in savings
584,8/5/2026,housing,Rent,12000,Monthly apartment rent
585,8/6/2026,transportation,Bus Fare,200,Bus to Bhaktapur
586,8/7/2026,others,Gift,500,Gift for family
587,8/8/2026,food,Restaurant,800,Lunch at local cafe
588,8/9/2026,health,Yoga Classes,1000,Monthly yoga fee
589,8/10/2026,education,Books,1500,Academic books
590,8/11/2026,entertainment,Theater,600,Local play tickets
591,8/12/2026,lifestyle,Clothing,2000,Bought summer clothes
592,8/13/2026,saving and investment,Stocks,3000,Invested in bank stocks
593,8/14/2026,housing,Utilities,1200,Electricity and water bill
594,8/15/2026,transportation,Taxi,400,Taxi to meeting
595,8/16/2026,others,Repair,700,Laptop repair
596,8/17/2026,food,Groceries,1800,Monthly grocery shopping
597,8/18/2026,health,Checkup,900,General health checkup
598,8/19/2026,education,Stationery,300,Notebooks and pens
599,8/20/2026,entertainment,Streaming,300,Disney+ subscription
600,8/21/2026,lifestyle,Shoes,1500,Bought casual shoes
601,8/22/2026,saving and investment,Savings,2500,Added to emergency fund
602,8/23/2026,housing,Cleaning Supplies,400,Household cleaning items
603,8/24/2026,transportation,Bicycle,2000,New bicycle purchase
604,8/25/2026,others,Donation,600,Charity for school
605,8/26/2026,food,Dinner,1000,Dinner at restaurant
606,8/27/2026,health,Physiotherapy,1200,Session for knee pain
607,8/28/2026,education,Exam Fee,700,College exam fee
608,8/29/2026,entertainment,Festival,500,Local festival ticket
609,8/30/2026,lifestyle,Bag,900,Bought travel bag
610,8/31/2026,saving and investment,Mutual Fund,3000,Invested in mutual fund
611,9/1/2026,housing,Internet Bill,1200,Monthly internet subscription
612,9/2/2026,transportation,Fuel,1100,Fuel for motorbike
613,9/3/2026,others,Gift,400,Birthday gift
614,9/4/2026,food,Coffee,250,Coffee at local cafe
615,9/5/2026,health,Health Insurance,2000,Annual premium
616,9/6/2026,education,Tutoring,1000,Science tutoring
617,9/7/2026,entertainment,Game Night,500,Board game night
618,9/8/2026,lifestyle,Watch,1200,Bought new watch
619,9/9/2026,saving and investment,Bonds,3500,Government bonds
620,9/10/2026,housing,Furniture,2500,New sofa
621,9/11/2026,transportation,Car Maintenance,1800,Car servicing
622,9/12/2026,others,Pet Supplies,500,Pet food
623,9/13/2026,food,Lunch,600,Lunch at cafe
624,9/14/2026,health,Dental Checkup,800,Dental cleaning
625,9/15/2026,education,Books,1000,Reference books
626,9/16/2026,entertainment,Museum,400,Museum visit
627,9/17/2026,lifestyle,Clothing,1500,Bought new shirt
628,9/18/2026,saving and investment,Savings,2000,Added to savings
629,9/19/2026,housing,Repair,600,Fixed window
630,9/20/2026,transportation,Taxi,500,Taxi to station
631,9/21/2026,others,Stationery,200,Office supplies
632,9/22/2026,food,Groceries,1600,Weekly grocery shopping
633,9/23/2026,health,Medicines,700,Prescription medicine
634,9/24/2026,education,Online Course,2000,Enrolled in coding course
635,9/25/2026,entertainment,Concert,900,Live music event
636,9/26/2026,lifestyle,Shoes,1200,Bought sneakers
637,9/27/2026,saving and investment,Fixed Deposit,3000,Deposited in savings
638,9/28/2026,housing,Electricity Bill,1000,Monthly electricity bill
639,9/29/2026,transportation,Fuel,1100,Fuel for car
640,9/30/2026,others,Charity,600,Donation to NGO
641,10/1/2026,food,Restaurant,800,Dinner at local restaurant
642,10/2/2026,health,Yoga Classes,1000,Monthly yoga membership
643,10/3/2026,education,Books,1200,Academic books
644,10/4/2026,entertainment,Theater,700,Theater tickets
645,10/5/2026,lifestyle,Clothing,1800,Bought winter clothes
646,10/6/2026,saving and investment,Stocks,2500,Invested in stocks
647,10/7/2026,housing,Utilities,1200,Water and electricity bill
648,10/8/2026,transportation,Bus Fare,200,Bus to Kathmandu
649,10/9/2026,others,Gift,500,Gift for friend
650,10/10/2026,food,Coffee,250,Coffee at Cafe Soma
651,10/11/2026,health,Checkup,900,General checkup
652,10/12/2026,education,Stationery,300,Notebooks and pens
653,10/13/2026,entertainment,Streaming,300,Netflix subscription
654,10/14/2026,lifestyle,Bag,900,Bought new backpack
655,10/15/2026,saving and investment,Savings,2000,Added to emergency fund
656,10/16/2026,housing,Cleaning Supplies,400,Household cleaning items
657,10/17/2026,transportation,Taxi,400,Taxi to airport
658,10/18/2026,others,Repair,600,Phone repair
659,10/19/2026,food,Groceries,1500,Weekly grocery shopping
660,10/20/2026,health,Medicines,600,Allergy medication
661,10/21/2026,education,Online Course,2500,Data science course
662,10/22/2026,entertainment,Concert,900,Local band concert
663,10/23/2026,lifestyle,Watch,1200,Bought smartwatch
664,10/24/2026,saving and investment,Fixed Deposit,4000,Deposited in savings
665,10/25/2026,housing,Rent,12000,Monthly apartment rent
666,10/26/2026,transportation,Bus Fare,200,Bus to Bhaktapur
667,10/27/2026,others,Gift,500,Gift for family
668,10/28/2026,food,Restaurant,800,Lunch at local cafe
669,10/29/2026,health,Yoga Classes,1000,Monthly yoga fee
670,10/30/2026,education,Books,1500,Academic books
671,10/31/2026,entertainment,Theater,600,Local play tickets
672,11/1/2026,lifestyle,Clothing,2000,Bought summer clothes
673,11/2/2026,saving and investment,Stocks,3000,Invested in bank stocks
674,11/3/2026,housing,Utilities,1200,Electricity and water bill
675,11/4/2026,transportation,Taxi,400,Taxi to meeting
676,11/5/2026,others,Repair,700,Laptop repair
677,11/6/2026,food,Groceries,1800,Monthly grocery shopping
678,11/7/2026,health,Checkup,900,General health checkup
679,11/8/2026,education,Stationery,300,Notebooks and pens
680,11/9/2026,entertainment,Streaming,300,Disney+ subscription
681,11/10/2026,lifestyle,Shoes,1500,Bought casual shoes
682,11/11/2026,saving and investment,Savings,2500,Added to emergency fund
683,11/12/2026,housing,Cleaning Supplies,400,Household cleaning items
684,11/13/2026,transportation,Bicycle,2000,New bicycle purchase
685,11/14/2026,others,Donation,600,Charity for school
686,11/15/2026,food,Dinner,1000,Dinner at restaurant
687,11/16/2026,health,Physiotherapy,1200,Session for knee pain
688,11/17/2026,education,Exam Fee,700,College exam fee
689,11/18/2026,entertainment,Festival,500,Local festival ticket
690,11/19/2026,lifestyle,Bag,900,Bought travel bag
691,11/20/2026,saving and investment,Mutual Fund,3000,Invested in mutual fund
692,11/21/2026,housing,Internet Bill,1200,Monthly internet subscription
693,11/22/2026,transportation,Fuel,1100,Fuel for motorbike
694,11/23/2026,others,Gift,400,Birthday gift
695,11/24/2026,food,Coffee,250,Coffee at local cafe
696,11/25/2026,health,Health Insurance,2000,Annual premium
697,11/26/2026,education,Tutoring,1000,Science tutoring
698,11/27/2026,entertainment,Game Night,500,Board game night
699,11/28/2026,lifestyle,Watch,1200,Bought new watch
700,11/29/2026,saving and investment,Bonds,3500,Government bonds
701,11/30/2026,housing,Furniture,2500,New sofa
702,12/1/2026,transportation,Car Maintenance,1800,Car servicing
703,12/2/2026,others,Pet Supplies,500,Pet food
704,12/3/2026,food,Lunch,600,Lunch at cafe
705,12/4/2026,health,Dental Checkup,800,Dental cleaning
706,12/5/2026,education,Books,1000,Reference books
707,12/6/2026,entertainment,Museum,400,Museum visit
708,12/7/2026,lifestyle,Clothing,1500,Bought new shirt
709,12/8/2026,saving and investment,Savings,2000,Added to savings
710,12/9/2026,housing,Repair,600,Fixed window
711,12/10/2026,transportation,Taxi,500,Taxi to station
712,12/11/2026,others,Stationery,200,Office supplies
713,12/12/2026,food,Groceries,1600,Weekly grocery shopping
714,12/13/2026,health,Medicines,700,Prescription medicine
715,12/14/2026,education,Online Course,2000,Enrolled in coding course
716,12/15/2026,entertainment,Concert,900,Live music event
717,12/16/2026,lifestyle,Shoes,1200,Bought sneakers
718,12/17/2026,saving and investment,Fixed Deposit,3000,Deposited in savings
